Company,Job,Job ID,Job_URL,Cluster
Elabram,Promoter Gadget - Palopo,81939670,https://id.jobstreet.com/id/job/81939670,0
Timexs Indonesia,Team Leader,82322891,https://id.jobstreet.com/id/job/82322891,0
,Team Leader,82326946,https://id.jobstreet.com/id/job/82326946,0
Garudafood Putra Putri Jaya,Sales Representative Mix Channel - Palopo,79269207,https://id.jobstreet.com/id/job/79269207,0
Amartha Mikro Fintek,Team Leader Wajo,78905613,https://id.jobstreet.com/id/job/78905613,0
Amartha Mikro Fintek,Team Leader Palopo,78905648,https://id.jobstreet.com/id/job/78905648,0
Indosat,Cluster Sales Executive IM3 - Palopo,82074163,https://id.jobstreet.com/id/job/82074163,0
Kredivo Group,Area Sales Leader - Palopo,82025961,https://id.jobstreet.com/id/job/82025961,0
Amartha Mikro Fintek,TEAM LEADER Sulawesi Tengah ( Banggai & Poso),81971486,https://id.jobstreet.com/id/job/81971486,0
Indodana,Field Investigator Team Leader - Makassar,81907413,https://id.jobstreet.com/id/job/81907413,0
PT Abdi Negara,Tentor Psikologi,77617956,https://id.jobstreet.com/id/job/77617956,1
Edukasi Mandiri Pratama,Senior Teaching Manager,81782935,https://id.jobstreet.com/id/job/81782935,1
,Terapis Eyelash,81942172,https://id.jobstreet.com/id/job/81942172,1
PT Abdi Negara,Tentor Pengetahuan Umum,77626457,https://id.jobstreet.com/id/job/77626457,1
Kurniawan Group,Aset Management,82304866,https://id.jobstreet.com/id/job/82304866,1
Bank Bukopin,Frontliner (Teller/Customer Service) -  Pinrang,82187946,https://id.jobstreet.com/id/job/82187946,1
Edukasi Mandiri Pratama,English Teacher,81784038,https://id.jobstreet.com/id/job/81784038,1
Catur Putraharmonis,Admin Warehouse Out,81870688,https://id.jobstreet.com/id/job/81870688,1
,Tutor PPPK Situational Judgement Test (SJT) Guru,81718203,https://id.jobstreet.com/id/job/81718203,1
,Admin And Support,82201614,https://id.jobstreet.com/id/job/82201614,1
Bogajaya Manna Lestari,HRD,82333586,https://id.jobstreet.com/id/job/82333586,1
PT Suracojaya Abadimotor,Assistant Head of Shipping Warehouse Unit,82260144,https://id.jobstreet.com/id/job/82260144,1
,Sales/Marketing,81590825,https://id.jobstreet.com/id/job/81590825,1
Kurniawan Group,Bookkeeper,82338470,https://id.jobstreet.com/id/job/82338470,1
Kurniawan Group,FINANCE STAFF,82100689,https://id.jobstreet.com/id/job/82100689,1
,Front Office Executive,82270117,https://id.jobstreet.com/id/job/82270117,1
,Manajer Klinik Kesehatan,81843537,https://id.jobstreet.com/id/job/81843537,1
,Staff Akunting,82273132,https://id.jobstreet.com/id/job/82273132,1
Pengiklan Anonim,Area Sales Manager,82301337,https://id.jobstreet.com/id/job/82301337,1
BCA Finance,Relationship Officer BCA Finance - Penempatan Makassar,81879552,https://id.jobstreet.com/id/job/81879552,1
,Shipping Operation Supervisor,81844378,https://id.jobstreet.com/id/job/81844378,1
Indomobil Finance,"Kepala Cabang (Area Kalimantan, Sulawesi, & Maluku-Papua)",81658178,https://id.jobstreet.com/id/job/81658178,1
Lippo Karawaci,Sales Legal Administrator - Makassar,82308585,https://id.jobstreet.com/id/job/82308585,1
KKV International Indonesia,Store Crew - Makassar (Beneunder Brand - Retail Fashion),82250512,https://id.jobstreet.com/id/job/82250512,1
Siloam Hospitals Group,Accounting Staff (Makassar),82219533,https://id.jobstreet.com/id/job/82219533,1
Valdo,Management Trainee (Sulawesi),81814403,https://id.jobstreet.com/id/job/81814403,1
,Admin/Kasir,82131021,https://id.jobstreet.com/id/job/82131021,1
Permodalan Nasional Madani,Staf PKU (Pengembangan Kapasitas Usaha) - Cabang Makassar,81985408,https://id.jobstreet.com/id/job/81985408,1
,HRD MANAGER,82235935,https://id.jobstreet.com/id/job/82235935,1
Hiba Utama,Staff Administrasi (Area Makassar),81720151,https://id.jobstreet.com/id/job/81720151,1
Bank Danamon,Mortgage Specialist (Kota Makassar),81907895,https://id.jobstreet.com/id/job/81907895,1
Ekle's Clinic,Doctor Aesthetic,82101272,https://id.jobstreet.com/id/job/82101272,1
Erajaya Group,Assistant Store Manager / Store Manager - Paris Baguette,82029915,https://id.jobstreet.com/id/job/82029915,1
Bank Danamon,Relationship Manager Funding (Kab Bulukumba),82267672,https://id.jobstreet.com/id/job/82267672,1
Yamaha Motor,PROMOTION STAFF (MAKASSAR),81780884,https://id.jobstreet.com/id/job/81780884,1
PT Sumber Sentuhan Emas,PENGAWAS LAPANGAN,81765998,https://id.jobstreet.com/id/job/81765998,1
Amosys Indonesia,Account Receivable Staff,81878824,https://id.jobstreet.com/id/job/81878824,1
Siloam Hospitals Group,ICT Staff (Makassar),81742556,https://id.jobstreet.com/id/job/81742556,1
Petrosea,Tyre Engineer,81671855,https://id.jobstreet.com/id/job/81671855,1
,Marketing Executive,81799411,https://id.jobstreet.com/id/job/81799411,1
Chandra Sakti Utama Leasing,Corporate Collection Staff (Makassar),82187177,https://id.jobstreet.com/id/job/82187177,1
Pengiklan Anonim,Sales Supervisor FMCG,82301137,https://id.jobstreet.com/id/job/82301137,1
Cimory Dairy Shop,HR Coordinator,81814460,https://id.jobstreet.com/id/job/81814460,1
Parastar Distrindo,Regional Head Of Sulawesi,82264988,https://id.jobstreet.com/id/job/82264988,1
Huayue Nickel Cobalt,Shipping Supervisor,81988666,https://id.jobstreet.com/id/job/81988666,1
Sreeya Sewu Indonesia,Key Account Executive PT. Belfoods Indonesia (Makassar - Sulawesi Selatan),81996257,https://id.jobstreet.com/id/job/81996257,1
Johnson Controls,Sales Engineer,81854924,https://id.jobstreet.com/id/job/81854924,1
,Marketing Sales Executives,82285796,https://id.jobstreet.com/id/job/82285796,1
Indodana,Field Investigator Officer - Makassar,81810259,https://id.jobstreet.com/id/job/81810259,1
Pesta Pora Abadi,QA OPERATION & FOOD SAFETY SYSTEM,81664015,https://id.jobstreet.com/id/job/81664015,1
BNI Life Insurance,BANCASSURANCE SPECIALIST - MAKASSAR (KC PARE PARE & SENGKANG)),82092049,https://id.jobstreet.com/id/job/82092049,1
CIMB Niaga,Field Collection - Makassar,82204871,https://id.jobstreet.com/id/job/82204871,1
Teva Pharmaceutical Industries,"Medical Sales Representative, Makassar",82025469,https://id.jobstreet.com/id/job/82025469,1
Siloam Hospitals Group,Facility Maintenance & General Affair Coordinator (Makassar),82220170,https://id.jobstreet.com/id/job/82220170,1
,Salesman Taking Order,82198946,https://id.jobstreet.com/id/job/82198946,1
Serasi Autoraya,Sales Consultant (Makassar),81732122,https://id.jobstreet.com/id/job/81732122,1
Sekolah Kristen IPEKA,HEAD OF SCHOOL,82073620,https://id.jobstreet.com/id/job/82073620,1
Bintang International,General Accounting Officer,82158315,https://id.jobstreet.com/id/job/82158315,1
Borwita Citra Prima,Branch Operational Manager,81975898,https://id.jobstreet.com/id/job/81975898,1
Pengiklan Anonim,Sales Supervisor FMCG,82300947,https://id.jobstreet.com/id/job/82300947,1
Bintang International,Head Store,81940093,https://id.jobstreet.com/id/job/81940093,1
Cimory Dairy Shop,IT Support,81830520,https://id.jobstreet.com/id/job/81830520,1
Sun Life,"Bancassurance Advisor Syariah - Makassar, Kendari, Ambon",81831799,https://id.jobstreet.com/id/job/81831799,1
FKS Group,Industrial Relations & People Development Specialist,82133561,https://id.jobstreet.com/id/job/82133561,1
Micro Madani Institute,Human Resource Business Partner (HRBP) Officer,82178524,https://id.jobstreet.com/id/job/82178524,1
Mitsubishi Tanabe Pharma,Medical Representative,82152349,https://id.jobstreet.com/id/job/82152349,1
Beton Perkasa Wijaksana,SUPERVISI PROYEK,81744586,https://id.jobstreet.com/id/job/81744586,1
Vale,Automation Engineer,81910258,https://id.jobstreet.com/id/job/81910258,1
Norxel Technology Indonesia,Electrical Engineer Pare- pare,81731985,https://id.jobstreet.com/id/job/81731985,1
Cimory Dairy Shop,Legal & Permit Coordinator,81837296,https://id.jobstreet.com/id/job/81837296,1
Pengiklan Anonim,Regional Sales Manager - Sulawesi & Papua,81894883,https://id.jobstreet.com/id/job/81894883,1
OneMed,SALES PROMOTION SUPERVISOR,82171590,https://id.jobstreet.com/id/job/82171590,1
,Legal Staff,82127343,https://id.jobstreet.com/id/job/82127343,1
Bintang International,PROCUREMENT OFFICER,81949859,https://id.jobstreet.com/id/job/81949859,1
PT Berkah Giat Jaya,District Sales Manager (Makassar - Manado - Semarang),82130076,https://id.jobstreet.com/id/job/82130076,1
Centrepark Citra Corpora,"Regional HC Supervisor - Area Kalimantan, Sulawesi, Maluku, Papua",81660389,https://id.jobstreet.com/id/job/81660389,1
Matahari Graha Fantasi,Teknisi - Timezone Makassar,82052924,https://id.jobstreet.com/id/job/82052924,1
,Manager Quality Control,81675203,https://id.jobstreet.com/id/job/81675203,1
Datascrip,Branch Supervisor (Makassar),82010047,https://id.jobstreet.com/id/job/82010047,1
Seabank Indonesia,"Relationship Manager Funding, SeaBank (Branch Makassar)",81959578,https://id.jobstreet.com/id/job/81959578,1
PT Sumber Inti Global Sukses,Manager Marketing Alat Berat Makassar,81946945,https://id.jobstreet.com/id/job/81946945,1
Penguin Indonesia,Sales Representative (Makassar),82233715,https://id.jobstreet.com/id/job/82233715,1
Fastrata Buana,SALES SUPERVISOR  - PARE-PARE,81662968,https://id.jobstreet.com/id/job/81662968,1
Mikatasa Agung,Customer Activation (Makassar),81864117,https://id.jobstreet.com/id/job/81864117,1
Mewah Group,Area Sales Supervisor Parepare,82205693,https://id.jobstreet.com/id/job/82205693,1
BCA Finance,Relationship Officer BCA Finance - Penempatan Bone,81879870,https://id.jobstreet.com/id/job/81879870,1
Putraduta Buanasentosa,Sales Marketing Section Head,82129962,https://id.jobstreet.com/id/job/82129962,1
RGF HR Agent Recruitment,Sales Staff - Alat Kesehatan - Makassar (B-116178),82134869,https://id.jobstreet.com/id/job/82134869,1
Home Credit Indonesia,Sales Supervisor Makassar,81961197,https://id.jobstreet.com/id/job/81961197,1
Pengiklan Anonim,Area Sales Supervisor - Makassar & sekitarnya,82061400,https://id.jobstreet.com/id/job/82061400,1
Sinar Mas Multiartha,Marketing Used Car & Lease Back (Wilayah Sulawesi Selatan&Utara),82299608,https://id.jobstreet.com/id/job/82299608,1
Savoria Group,District Sales Manager Watampone,82079912,https://id.jobstreet.com/id/job/82079912,1
Astra Insurance,Account Officer (Sales Officer) - Makassar,81177311,https://id.jobstreet.com/id/job/81177311,1
Stella Gracia School,Primary and Secondary Teachers,82343218,https://id.jobstreet.com/id/job/82343218,1
Nusantara Infrastructure,Staff Planning Engineer (Placement: Makassar),81893629,https://id.jobstreet.com/id/job/81893629,1
Semesta Raya Creations,SUPERVISOR TEKNISI,82249290,https://id.jobstreet.com/id/job/82249290,1
,Cashier,82254352,https://id.jobstreet.com/id/job/82254352,1
Kawan Lama,Sales Executive / Pramuniaga,82313824,https://id.jobstreet.com/id/job/82313824,1
BCA Finance,Relationship Officer BCA Finance - Penempatan Palopo,81879825,https://id.jobstreet.com/id/job/81879825,1
,Assistant Manager Operasional,81768424,https://id.jobstreet.com/id/job/81768424,1
,Relationship Manager,82121914,https://id.jobstreet.com/id/job/82121914,1
Bina Karya Prima,Trade Marketing Manager Makassar,81945735,https://id.jobstreet.com/id/job/81945735,1
PT Tigalapan Sukses Indonesia,Supervisor Sales,81731600,https://id.jobstreet.com/id/job/81731600,1
Galva Galindra Multi Cipta,Account Manager Makassar,82158901,https://id.jobstreet.com/id/job/82158901,1
eLangsung International Agency,Sales Spare Part Motor,81980292,https://id.jobstreet.com/id/job/81980292,1
PT Tigalapan Sukses Indonesia,Production SPV,81866615,https://id.jobstreet.com/id/job/81866615,1
Sinar Galesong Pratama,Food And Beverage Coordinator,81767411,https://id.jobstreet.com/id/job/81767411,1
Mitra Utama Madani,Ventura Syariah Officer,81876462,https://id.jobstreet.com/id/job/81876462,1
Mega Finance,Branch Manager Sulawesi,81831261,https://id.jobstreet.com/id/job/81831261,1
Bank Mega,Retail Funding Training Program (Makassar),82058553,https://id.jobstreet.com/id/job/82058553,1
Jasamedika Saranatama,Operator IT RS Gigi Mulut Prov Sulsel,81995788,https://id.jobstreet.com/id/job/81995788,1
Siloam Hospitals Group,Marketing Executive Hospital (Makassar),82074255,https://id.jobstreet.com/id/job/82074255,1
New Hope Indonesia,Electrical,82072193,https://id.jobstreet.com/id/job/82072193,1
Persolkelly,HRBP Manager - Gadget Equipment Retail - Makassar (ID : 665502),81958633,https://id.jobstreet.com/id/job/81958633,1
PT Tigalapan Sukses Indonesia,Store Head Tigalapan Kaos,82024272,https://id.jobstreet.com/id/job/82024272,1
Kawan Lama,Inventory & Storing Staff,79429070,https://id.jobstreet.com/id/job/79429070,1
Indosat,Cluster Sales Executive TRI (Makassar),82074320,https://id.jobstreet.com/id/job/82074320,1
Bryan Medikal,"TEKNISI ALAT KESEHATAN (Penempatan MAKASSAR, PALU, MANADO)",81982519,https://id.jobstreet.com/id/job/81982519,1
PT Tigalapan Sukses Indonesia,Manager Sales & Operational,82024734,https://id.jobstreet.com/id/job/82024734,1
Jiva Agriculture,QC Assistant (Corn),77496272,https://id.jobstreet.com/id/job/77496272,1
Central Asia Raya Life Insurance,Bancassurance Marketing (Area Makassar),82122259,https://id.jobstreet.com/id/job/82122259,1
Orang Tua Group,Accounting Manager (Sulawesi),81863365,https://id.jobstreet.com/id/job/81863365,1
Galva Galindra Multi Cipta,Senior Sales Executive Makassar,82188191,https://id.jobstreet.com/id/job/82188191,1
OneMed,Area Sales Manager ( OTC ),81739627,https://id.jobstreet.com/id/job/81739627,1
Nutrilab Pratama,ACCOUNT EXECUTIVE (BIO MOLEKULER) AREA MAKASSAR,81848650,https://id.jobstreet.com/id/job/81848650,1
,Cashier,81804591,https://id.jobstreet.com/id/job/81804591,1
Penguin Indonesia,HR Operations Supervisor (Makassar),81719900,https://id.jobstreet.com/id/job/81719900,1
IMB Bank,Pengawas/Pelaksana Project Perumahan,81961512,https://id.jobstreet.com/id/job/81961512,1
Abadinusa Usahasemesta,Sales Executive (Makassar area),82252110,https://id.jobstreet.com/id/job/82252110,1
Home Credit Indonesia,Risk Trainer Sulawesi (Talent pool),82015407,https://id.jobstreet.com/id/job/82015407,1
Steel Pipe Industry of Indonesia,Sales Staf Makassar,81809854,https://id.jobstreet.com/id/job/81809854,1
Mizuho Leasing Indonesia,Field Collection,81946353,https://id.jobstreet.com/id/job/81946353,1
Smart Multi Finance,FIELD AUDIT COORDINATOR (Makassar/Balikpapan),82056939,https://id.jobstreet.com/id/job/82056939,1
Kawan Lama,Material Control,78575438,https://id.jobstreet.com/id/job/78575438,1
Asuransi Bintang,(JV2501003) Account Officer - Makassar,81225581,https://id.jobstreet.com/id/job/81225581,1
Manulife,Sales Bancassurance Area Makassar,81951661,https://id.jobstreet.com/id/job/81951661,1
Ismaya Group,M&E Staff (Makassar),82136035,https://id.jobstreet.com/id/job/82136035,1
,koordinator dapur,81922186,https://id.jobstreet.com/id/job/81922186,1
RGF HR Agent Recruitment,Sales Marketing - Manajemen Arsip (B2G)- Makassar (B-116166),82156576,https://id.jobstreet.com/id/job/82156576,1
Central Proteina Prima,Area Sales Supervisor (Pet Food),81835973,https://id.jobstreet.com/id/job/81835973,1
PT Tigalapan Sukses Indonesia,Marketing SPV,81737701,https://id.jobstreet.com/id/job/81737701,1
Pengiklan Anonim,Engineering Technician (Makassar),82219610,https://id.jobstreet.com/id/job/82219610,1
Pengiklan Anonim,Sales Supervisor (Makassar),81730372,https://id.jobstreet.com/id/job/81730372,1
Siloam Hospitals Group,Asisten Apoteker,81742525,https://id.jobstreet.com/id/job/81742525,1
Bank Danamon,Jabatan SME Relationship Manager,81824502,https://id.jobstreet.com/id/job/81824502,1
Moladin Digital Indonesia,Dealer Consultant Manager (Palu/Kendari),82084236,https://id.jobstreet.com/id/job/82084236,1
Aeon Credit Service,AEON Fast Agent (Sales Promotor) Area Makassar,82156904,https://id.jobstreet.com/id/job/82156904,1
Lippo Karawaci,Sales Manager (Makassar),81918164,https://id.jobstreet.com/id/job/81918164,1
Wiratman,Project Sheduler,82190512,https://id.jobstreet.com/id/job/82190512,1
Simas Life Insurance,Bancassurance Consultant (Makassar),81716616,https://id.jobstreet.com/id/job/81716616,1
PT Berkah Giat Jaya,Sales Consultant (SPB/SPG) - Sulawesi Area (Makassar - Manado),82152159,https://id.jobstreet.com/id/job/82152159,1
Indonusa Telemedia,Account Manager Corporate Makassar KTI,81718487,https://id.jobstreet.com/id/job/81718487,1
,Sales And Marketing,82077904,https://id.jobstreet.com/id/job/82077904,1
Bina Artha Ventura,Area Manager (Sulawesi Selatan),81896136,https://id.jobstreet.com/id/job/81896136,1
Dipo Star Finance,Field Collection (Makassar),81715773,https://id.jobstreet.com/id/job/81715773,1
Bosch,Area Sales Management Power Tools - Makassar,81903192,https://id.jobstreet.com/id/job/81903192,1
Euromedica Group,Sales Consultant - Makassar,82155192,https://id.jobstreet.com/id/job/82155192,1
Jiva Agriculture,Quality Specialist - Rice & Rice Bran,76396724,https://id.jobstreet.com/id/job/76396724,1
Bina Artha Ventura,BRANCH MANAGER BINA GROUP (Sulawesi Selatan),81830484,https://id.jobstreet.com/id/job/81830484,1
Lixil Water Technology,Sales Executive-Retail,81741736,https://id.jobstreet.com/id/job/81741736,1
AXA,"FINANCIAL ADVISOR - Pare Pare (Palopo, Topoyo, Bone Bone, Majene)",81709781,https://id.jobstreet.com/id/job/81709781,1
Virtue Diagnostics Indonesia,Sales Representative - Makassar,82154881,https://id.jobstreet.com/id/job/82154881,1
,SALES MARKETING,82127540,https://id.jobstreet.com/id/job/82127540,1
Cimory Dairy Shop,Landscape Supervisor,81672102,https://id.jobstreet.com/id/job/81672102,1
Home Credit Indonesia,Sales Associate Makassar/Palopo/Parepare/Bone/Pangkep,81943752,https://id.jobstreet.com/id/job/81943752,1
Miniso,Operational Specialist Makassar (Mandarin Speaker),82252925,https://id.jobstreet.com/id/job/82252925,1
AXA,FINANCIAL ADVISOR - Soppeng dan Pare Pare,81923928,https://id.jobstreet.com/id/job/81923928,1
Home Credit Indonesia,"Field Agent - Makassar, Pinrang, Parepare",81844574,https://id.jobstreet.com/id/job/81844574,1
IMB Bank,Video/Fotografer,81846569,https://id.jobstreet.com/id/job/81846569,1
Datascrip,Business Executive (Sales Wilayah Makassar),81954777,https://id.jobstreet.com/id/job/81954777,1
PT Cahaya Lentera Kasih Sentosa,English Teacher,81710046,https://id.jobstreet.com/id/job/81710046,1
Siloam Hospitals Group,Apoteker (Makassar),81720072,https://id.jobstreet.com/id/job/81720072,1
PT Nusantara Ekspres Kilat,Shift Lead - SPX Express (Kab. Bolaang Mongondow Timur - Sulawesi Utara),82267986,https://id.jobstreet.com/id/job/82267986,1
,Sales Executive,81846351,https://id.jobstreet.com/id/job/81846351,1
Kawan Lama,Kasir,80220514,https://id.jobstreet.com/id/job/80220514,1
AXA,Financial Advisor - Makassar (Pannampu & Bulukumba),81755460,https://id.jobstreet.com/id/job/81755460,1
PT Sumber Inti Global Sukses,Sales Unit dan Sparepart Alat Berat (Makassar),81879671,https://id.jobstreet.com/id/job/81879671,1
Home Credit Indonesia,Sales Trainer (Manado),82133504,https://id.jobstreet.com/id/job/82133504,1
Trimegah Securities Indonesia,Relationship Manager (Makassar),81811331,https://id.jobstreet.com/id/job/81811331,1
Finfleet,Sales Promotor,81753497,https://id.jobstreet.com/id/job/81753497,1
Astra Otoparts,Mekanik mobil area Sulawesi,81847433,https://id.jobstreet.com/id/job/81847433,1
Kawan Lama,Teknisi (listrik & Bangunan),82177297,https://id.jobstreet.com/id/job/82177297,1
DayaLima Recruitment,Technical Senior Supervisor Makassar,81876570,https://id.jobstreet.com/id/job/81876570,1
Astra Insurance,Account Officer (Sales Officer) - R.O. Parepare,81222191,https://id.jobstreet.com/id/job/81222191,1
Harbarindo Baharitama,Sales,81957637,https://id.jobstreet.com/id/job/81957637,1
Mitsui Sumitomo Insurance Group,Regional Sales Head Bancassurance (Makassar),81946895,https://id.jobstreet.com/id/job/81946895,1
Cendana Samudra Mas,Sales Bahan Bangunan dan Marketing Perumahan,82110158,https://id.jobstreet.com/id/job/82110158,1
Estetika Prima Duti Utama,"Dokter Kecantikan Balikpapan, Cirebon, Denpasar, dan Makassar",82297305,https://id.jobstreet.com/id/job/82297305,1
Mitra Alat Ternak,Sales Executive,81814389,https://id.jobstreet.com/id/job/81814389,1
ZTE Corporation,Admin Manager Mandarin Speaker,81867421,https://id.jobstreet.com/id/job/81867421,1
Finfleet,KURIR MOTOR SPX PANAKKUKANG HUB,82322256,https://id.jobstreet.com/id/job/82322256,1
Finfleet,Funding Officer - Makassar,81923548,https://id.jobstreet.com/id/job/81923548,1
Kawan Lama,Store Leader Optik,79714276,https://id.jobstreet.com/id/job/79714276,1
Manulife,SENIOR SALES BANCASSURANCE  AREA TANA TORAJA,81951371,https://id.jobstreet.com/id/job/81951371,1
Amartha Mikro Fintek,Kepala Cabang Wajo (Poso) Sulawesi Selatan,80991747,https://id.jobstreet.com/id/job/80991747,1
Bank Danamon,Lowongan Kerja Investment Specialist,80533606,https://id.jobstreet.com/id/job/80533606,1
Siloam Hospitals Group,Radioterapis (Makassar),82219434,https://id.jobstreet.com/id/job/82219434,1
Indo Porcelain,SALES HORECA (SULAWESI AREA),81520341,https://id.jobstreet.com/id/job/81520341,1
,Junior Architect,81796121,https://id.jobstreet.com/id/job/81796121,1
,Head Chef,81642030,https://id.jobstreet.com/id/job/81642030,1
Siloam Hospitals Group,[Makassar] Resident Medical Officer (RMO) / Dokter Jaga,82234760,https://id.jobstreet.com/id/job/82234760,1
Indodana,Sales Promotor (SPG/SPB) - Makassar,82268662,https://id.jobstreet.com/id/job/82268662,1
Nippon Indosari Corpindo,GA Field,80562967,https://id.jobstreet.com/id/job/80562967,1
Nippon Indosari Corpindo,Department Head Production & Engineering Plant,82270215,https://id.jobstreet.com/id/job/82270215,1
,Metallurgist,82357232,https://id.jobstreet.com/id/job/82357232,1
Cimory Group,Regional Account Executive Outer Island,82177245,https://id.jobstreet.com/id/job/82177245,1
,"Lead Host - Front Office, Hyatt Place Makassar",80283813,https://id.jobstreet.com/id/job/80283813,1
,Underground Geology Technician,82357033,https://id.jobstreet.com/id/job/82357033,1
Rentokil Initial,Service Technician (Makassar Project Branch),82358060,https://id.jobstreet.com/id/job/82358060,1
,Officer – Information Technology (IT) (Onsite Support),82357221,https://id.jobstreet.com/id/job/82357221,1
Indofood,Sales Admin,81202042,https://id.jobstreet.com/id/job/81202042,1
Finfleet,Sales Promotor,81796581,https://id.jobstreet.com/id/job/81796581,1
Finfleet,Sales Promotor,81748196,https://id.jobstreet.com/id/job/81748196,1
Finfleet,Sales Executive,82331958,https://id.jobstreet.com/id/job/82331958,1
Finfleet,Rider & Driver SPX Area Sulawesi Selatan,82355898,https://id.jobstreet.com/id/job/82355898,1
Finfleet,Sales Promotor,82332514,https://id.jobstreet.com/id/job/82332514,1
IMB Bank,Dokter Klinik Kecantikan,82185349,https://id.jobstreet.com/id/job/82185349,1
Seven Retail Group,Perawat Gigi (Makassar),81809774,https://id.jobstreet.com/id/job/81809774,1
RGF HR Agent Recruitment,Sales Staff Medical - Trading - Makasar,82141708,https://id.jobstreet.com/id/job/82141708,1
WireHire,Human Resource Development Head,77202379,https://id.jobstreet.com/id/job/77202379,1
,"Lowongan Kerja sebagai Operator Dump Truck 31-50 Τοn, Operator Grader 705",82214254,https://id.jobstreet.com/id/job/82214254,1
ORIX,Branch Manager Development Program Area Sulawesi dan Papua,81881559,https://id.jobstreet.com/id/job/81881559,1
Ismaya Group,M&E STAFF (MAKASSAR),82139870,https://id.jobstreet.com/id/job/82139870,1
Summarecon Agung,Position,82098580,https://id.jobstreet.com/id/job/82098580,1
,Guest Experience Expert,79487339,https://id.jobstreet.com/id/job/79487339,1
Haleon,Territory Sales Manager,81920428,https://id.jobstreet.com/id/job/81920428,1
Yamaha Motor,19. AREA SERVICE DEVELOPMENT (PENEMPATAN : MAKASSAR),81011442,https://id.jobstreet.com/id/job/81011442,1
Borwita Citra Prima,SALES COORDINATOR,81372090,https://id.jobstreet.com/id/job/81372090,1
Four Points,Public Area Supervisor,79487224,https://id.jobstreet.com/id/job/79487224,1
Little Joy Indonesia,Sales Admin,79057060,https://id.jobstreet.com/id/job/79057060,1
,GREETER - RESTO CONCEPT (MAKASSAR),79734666,https://id.jobstreet.com/id/job/79734666,1
Borwita Citra Prima,BRANCH OPERATION SUPERVISOR,81631546,https://id.jobstreet.com/id/job/81631546,1
Borwita Citra Prima,AR CONTROLLER,81821015,https://id.jobstreet.com/id/job/81821015,1
Ruangguru,Branch Manager - Sinjai (Sulawesi Selatan),81339968,https://id.jobstreet.com/id/job/81339968,1
Byorange,Kurir (Sulawesi Barat),79662449,https://id.jobstreet.com/id/job/79662449,1
Trimegah Securities Indonesia,Relationship Manager Makassar,81881447,https://id.jobstreet.com/id/job/81881447,1
Mindrift,Data Annotator - Freelance,76687988,https://id.jobstreet.com/id/job/76687988,1
IWG,Partnerships Sales Manager - Makassar,75840769,https://id.jobstreet.com/id/job/75840769,1
,Geologist - Exploration,82204763,https://id.jobstreet.com/id/job/82204763,1
,Area Manager - FS - Sulawesi & Kalimantan,81351947,https://id.jobstreet.com/id/job/81351947,1
Takeda,IDN – Medical Representative,81370058,https://id.jobstreet.com/id/job/81370058,1
Ruangguru,Branch Manager - Maros (Sulawesi Selatan),81230954,https://id.jobstreet.com/id/job/81230954,1
AstraZeneca,Medical Representative (Respiratory – Makassar),81544146,https://id.jobstreet.com/id/job/81544146,1
Ruangguru,Branch Manager - Bulukumba (Sulawesi),81339992,https://id.jobstreet.com/id/job/81339992,1
Hyatt Place,"Lead Host - Kitchen, Hyatt Place Makassar",80163434,https://id.jobstreet.com/id/job/80163434,1
Hyatt Place,"Sales Manager, Hyatt Place Makassar",80163373,https://id.jobstreet.com/id/job/80163373,1
ORIX,Management Development Program Manado,81882130,https://id.jobstreet.com/id/job/81882130,1
Asuransi Bintang,Lowongan Kerja sebagai Account Officer di Asuransi Bintang Penempatan Makassar,81477794,https://id.jobstreet.com/id/job/81477794,1
Borwita Citra Prima,SR MT,81631557,https://id.jobstreet.com/id/job/81631557,1
,Insurance Admin Area Makassar,82355378,https://id.jobstreet.com/id/job/82355378,1
,Helper Gudang,82324519,https://id.jobstreet.com/id/job/82324519,1
,Staff Accounting,82310627,https://id.jobstreet.com/id/job/82310627,1
,Admin Purchasing,81828115,https://id.jobstreet.com/id/job/81828115,1
CSM Corporatama,Admin STNK (Makassar),81827702,https://id.jobstreet.com/id/job/81827702,1
,Staff Gudang,82329751,https://id.jobstreet.com/id/job/82329751,1
,Admin Purchasing,82325272,https://id.jobstreet.com/id/job/82325272,1
,Staff Gudang,82330668,https://id.jobstreet.com/id/job/82330668,1
,Admin Gudang,82354910,https://id.jobstreet.com/id/job/82354910,1
Mitra Utama Solusi Telematika,Staff Administrasi,82328143,https://id.jobstreet.com/id/job/82328143,1
Ruangguru,Master Teacher Coach English Academy - Makassar,77901884,https://id.jobstreet.com/id/job/77901884,1
INSEMACO Recruiting & Executive Search,Consultant / Interim Manager / Partner @ INSECOGO (m/f/d) remote in Indonesia,80225999,https://id.jobstreet.com/id/job/80225999,1
Staffinc Group,Business Development Specialist (Makassar),76719748,https://id.jobstreet.com/id/job/76719748,1
Ruangguru,Branch Manager - Bantaeng (Sulawesi Selatan),81230923,https://id.jobstreet.com/id/job/81230923,1
Staffinc Group,Business Development Lead (Makassar),76720407,https://id.jobstreet.com/id/job/76720407,1
Ruangguru,Branch Manager English Academy - Makassar [Sudiang],80858369,https://id.jobstreet.com/id/job/80858369,1
,Finance Accounting,82322257,https://id.jobstreet.com/id/job/82322257,1
,Barista,82326578,https://id.jobstreet.com/id/job/82326578,1
,Fabrikasi Kubah Masjid,82329771,https://id.jobstreet.com/id/job/82329771,1
,Customer Service,82332614,https://id.jobstreet.com/id/job/82332614,1
Kresna Reksa Finance,Accounting Staff,82323918,https://id.jobstreet.com/id/job/82323918,1
Kresna Reksa Finance,MANAGER ACCOUNTING - GOWA,82323492,https://id.jobstreet.com/id/job/82323492,1
Rajawali,Sales Promotor,82323054,https://id.jobstreet.com/id/job/82323054,1
,KURIR LOGISTIK,82329560,https://id.jobstreet.com/id/job/82329560,1
,Perawat,82330427,https://id.jobstreet.com/id/job/82330427,1
,Finance Admin,82107914,https://id.jobstreet.com/id/job/82107914,1
Mitra Utama Solusi Telematika,Office Boy (OB),82331484,https://id.jobstreet.com/id/job/82331484,1
,Marketing Development,82323860,https://id.jobstreet.com/id/job/82323860,1
,Crew Outlet,82267151,https://id.jobstreet.com/id/job/82267151,1
,Admin Marketing,82330459,https://id.jobstreet.com/id/job/82330459,1
,Staf Purchasing,82332930,https://id.jobstreet.com/id/job/82332930,1
Tri Adi Bersama,KURIR MITRA SATRIA MOTOR - MAKASSAR,82322699,https://id.jobstreet.com/id/job/82322699,1
Bussan Auto Finance,Marketing Officer,82328924,https://id.jobstreet.com/id/job/82328924,1
,Finance Admin,82328317,https://id.jobstreet.com/id/job/82328317,1
,ADMIN PRODUKSI JAHIT,82331698,https://id.jobstreet.com/id/job/82331698,1
Kresna Reksa Finance,MANAGER ACCOUNTING - MAKASSAR,82326211,https://id.jobstreet.com/id/job/82326211,1
,Driver Truk,82327831,https://id.jobstreet.com/id/job/82327831,1
,Kepala Blok Kebun (Mandor Kebun),82201811,https://id.jobstreet.com/id/job/82201811,1
,Crew Outlet,82332997,https://id.jobstreet.com/id/job/82332997,1
,Koordinator Produksi,82331336,https://id.jobstreet.com/id/job/82331336,1
,Kitchen Crew,82326001,https://id.jobstreet.com/id/job/82326001,1
,Kitchen Crew,82326145,https://id.jobstreet.com/id/job/82326145,1
PT Mutiara Gemilang Indonesia,Barista,82329719,https://id.jobstreet.com/id/job/82329719,1
,Store Assistant,82108332,https://id.jobstreet.com/id/job/82108332,1
,Kurir,82324811,https://id.jobstreet.com/id/job/82324811,1
,CREW OUTLET GOLQI CHICKEN BTP,82330358,https://id.jobstreet.com/id/job/82330358,1
Anugerah Bumi Seloliman,Branch Officer Perbankan Makassar,82331258,https://id.jobstreet.com/id/job/82331258,1
Kebab Bosman,Crew Outlet,82356332,https://id.jobstreet.com/id/job/82356332,1
Qualita Indonesia,LOWKER TEKNISI MESIN EDC (FREELANCE) - DI KAB JENEPONTO (SULAWESI SELATAN),82267199,https://id.jobstreet.com/id/job/82267199,1
,Store Leader,82201783,https://id.jobstreet.com/id/job/82201783,1
,Shoe Technician,82332108,https://id.jobstreet.com/id/job/82332108,1
Kresna Reksa Finance,BRANCH FINANCE MANAGER - MAKASSAR,82201370,https://id.jobstreet.com/id/job/82201370,1
Wismilak,Promotor / MD Rokok (Kota Makassar),82355445,https://id.jobstreet.com/id/job/82355445,1
Wismilak,Taskforce / Sales Rokok (Pare-Pare),82324739,https://id.jobstreet.com/id/job/82324739,1
Mitra Utama Solusi Telematika,Engineer,82329673,https://id.jobstreet.com/id/job/82329673,1
,Buruh,82322698,https://id.jobstreet.com/id/job/82322698,1
Wismilak,Promotor / MD Rokok (Pare-Pare),82355401,https://id.jobstreet.com/id/job/82355401,1
,Tenaga Produksi,82329646,https://id.jobstreet.com/id/job/82329646,1
,Sales Promotor,82328364,https://id.jobstreet.com/id/job/82328364,1
,TIM PREPARING,82332494,https://id.jobstreet.com/id/job/82332494,1
Qualita Indonesia,LOWKER TEKNISI MESIN EDC (FREELANCE) - DI KAB MAROS (SULAWESI SELATAN),82267194,https://id.jobstreet.com/id/job/82267194,1
Kresna Reksa Finance,BRANCH FINANCE MANAGER - GOWA,82202426,https://id.jobstreet.com/id/job/82202426,1
Bussan Auto Finance,Marketing Officer,82267022,https://id.jobstreet.com/id/job/82267022,1
,Cleaning Service Rumah,82328078,https://id.jobstreet.com/id/job/82328078,1
Tri Adi Bersama,MITRA SATRIA KURIR MOTOR KAB. GOWA,82324198,https://id.jobstreet.com/id/job/82324198,1
Biru Megah Abadi,Sales Marketing,82331504,https://id.jobstreet.com/id/job/82331504,1
Wismilak,Promotor / MD Rokok (Tana Toraja),82325865,https://id.jobstreet.com/id/job/82325865,1
Kresna Reksa Finance,Customer Service,82327885,https://id.jobstreet.com/id/job/82327885,1
Sicepat Express Indonesia,Mitra Kurir Makassar Maricaya,81984531,https://id.jobstreet.com/id/job/81984531,1
Wismilak,Taskforce / Sales Rokok (Kota Makassar),82355334,https://id.jobstreet.com/id/job/82355334,1
,Kurir Motor,81754661,https://id.jobstreet.com/id/job/81754661,1
Kresna Reksa Finance,Accounting & Tax Officer,82330650,https://id.jobstreet.com/id/job/82330650,1
,IT Programmer,82046857,https://id.jobstreet.com/id/job/82046857,1
Wismilak,Promotor / MD Rokok (Pinrang),82355970,https://id.jobstreet.com/id/job/82355970,1
Qualita Indonesia,LOWKER TEKNISI MESIN EDC (FREELANCE) - DI KAB SOPENG (SULAWESI SELATAN),82267341,https://id.jobstreet.com/id/job/82267341,1
Kresna Reksa Finance,Accounting & Tax Officer,82328299,https://id.jobstreet.com/id/job/82328299,1
,IT Support,82327147,https://id.jobstreet.com/id/job/82327147,1
,HRD MANAGER,82329539,https://id.jobstreet.com/id/job/82329539,1
Yapindo Transportama,Driver Mobil,82325507,https://id.jobstreet.com/id/job/82325507,1
Doran Sukses Indonesia,SPG / SPB AREA Makassar,82354837,https://id.jobstreet.com/id/job/82354837,1
Peluang Kerjaku,Technical Support,82329077,https://id.jobstreet.com/id/job/82329077,1
Wismilak,Taskforce / Sales Rokok (Tana Toraja),82324271,https://id.jobstreet.com/id/job/82324271,1
Pinus Merah Abadi,Sales Taking Order Rantepao,82322259,https://id.jobstreet.com/id/job/82322259,1
Kresna Reksa Finance,Customer Service,82331886,https://id.jobstreet.com/id/job/82331886,1
,Staff Unit Marketing Kampus Swasta (Makassar),82201772,https://id.jobstreet.com/id/job/82201772,1
,CREW GOLQI CHICKEN MAROS,82329873,https://id.jobstreet.com/id/job/82329873,1
Indium Dynamics Solutions,Sales Marketing Perbankan,82327687,https://id.jobstreet.com/id/job/82327687,1
DutaGM,Customer Relation Representative (CRR)  Makassar,82325694,https://id.jobstreet.com/id/job/82325694,1
Qualita Indonesia,LOWKER TEKNISI MESIN EDC (FREELANCE) - PENEMPATAN DI KAB ENREKANG (SULAWESI,82266998,https://id.jobstreet.com/id/job/82266998,1
,Vaporista (Crew Vape Store),82331093,https://id.jobstreet.com/id/job/82331093,1
,Sales Promotion Boy (SPB),82324601,https://id.jobstreet.com/id/job/82324601,1
Champ Resto Indonesia,Kitchen Helper,82331023,https://id.jobstreet.com/id/job/82331023,1
,Sopir,82355084,https://id.jobstreet.com/id/job/82355084,1
,Operation QA Officer (Makassar),82324231,https://id.jobstreet.com/id/job/82324231,1
,Mechanical Engineer,82328422,https://id.jobstreet.com/id/job/82328422,1
Kharisma Potensia Indonesia,Promotor Specialist,82329056,https://id.jobstreet.com/id/job/82329056,1
Global Sarana Sukses,Business Representative,82266760,https://id.jobstreet.com/id/job/82266760,1
,CREW OUTLET AYAM SI JUPIS,82325770,https://id.jobstreet.com/id/job/82325770,1
Sekarguna Medicals,Medical Store Attendant,82355701,https://id.jobstreet.com/id/job/82355701,1
Kresna Reksa Finance,Marketing Coordinator,82326185,https://id.jobstreet.com/id/job/82326185,1
Kresna Reksa Finance,BRANCH FINANCE MANAGER - MAKASSAR,82326619,https://id.jobstreet.com/id/job/82326619,1
,Food and Beverage Coordinator,82322496,https://id.jobstreet.com/id/job/82322496,1
,Sales Advisor,82326141,https://id.jobstreet.com/id/job/82326141,1
Kresna Reksa Finance,Branch Marketing Manager,82325003,https://id.jobstreet.com/id/job/82325003,1
,CREW OUTLET GOLQI CHICKEN PALOPO,82330584,https://id.jobstreet.com/id/job/82330584,1
Tribun Network,REPORTER - TORAJA,82326435,https://id.jobstreet.com/id/job/82326435,1
,Store Leader,82201604,https://id.jobstreet.com/id/job/82201604,1
Global Sarana Sukses,Area Improvement and Compliance,82325575,https://id.jobstreet.com/id/job/82325575,1
Kresna Reksa Finance,MANAGER ACCOUNTING - GOWA,82164746,https://id.jobstreet.com/id/job/82164746,1
,CREW GOLQI CHICKEN BULUKUMBA,82328661,https://id.jobstreet.com/id/job/82328661,1
Trimitra Promosindo,Promotor Asuransi Handphone - Makassar,82362813,https://id.jobstreet.com/id/job/82362813,1
,Vaporista (Crew Vape Store),81859689,https://id.jobstreet.com/id/job/81859689,1
Kresna Reksa Finance,Account Officer,82326742,https://id.jobstreet.com/id/job/82326742,1
Global Sarana Sukses,Business Representative Penempatan Pinrang,82323899,https://id.jobstreet.com/id/job/82323899,1
,Operator Forklift,82329727,https://id.jobstreet.com/id/job/82329727,1
,Sales Motoris Produk Yoghurt,82327443,https://id.jobstreet.com/id/job/82327443,1
,Sales Advisor,81929345,https://id.jobstreet.com/id/job/81929345,1
Edulab Indonesia,Freelance Pengajar Ekonomi dan Bahasa Inggris (Edulab Makassar),82107386,https://id.jobstreet.com/id/job/82107386,1
,Marketing Strategis,82230130,https://id.jobstreet.com/id/job/82230130,1
,Kurir Motor,82326531,https://id.jobstreet.com/id/job/82326531,1
,Operator Mesin CNC Router,82324839,https://id.jobstreet.com/id/job/82324839,1
,Sales Executive,82107422,https://id.jobstreet.com/id/job/82107422,1
,Sales Executive,82326653,https://id.jobstreet.com/id/job/82326653,1
Tribun Network,Digital Account Executive - Makassar,82354919,https://id.jobstreet.com/id/job/82354919,1
,Kurir,81703751,https://id.jobstreet.com/id/job/81703751,1
,Videographer,82322327,https://id.jobstreet.com/id/job/82322327,1
Agro Boga Utama,"Sales Hunter (Pannampu, Makassar)",82355188,https://id.jobstreet.com/id/job/82355188,1
,Sopir SIM B1 & A,82328348,https://id.jobstreet.com/id/job/82328348,1
,Security,82322816,https://id.jobstreet.com/id/job/82322816,1
,LEADER GOLQI CHICKEN JENEPONTO,82325474,https://id.jobstreet.com/id/job/82325474,1
,Marketing Communication Officer,81828090,https://id.jobstreet.com/id/job/81828090,1
Tri Orion,Sales Lapangan,82330496,https://id.jobstreet.com/id/job/82330496,1
,Helper Teknisi,82324223,https://id.jobstreet.com/id/job/82324223,1
Rabbani Asysa,Sales Crew - Parepare,82329053,https://id.jobstreet.com/id/job/82329053,1
Rabbani Asysa,Sales Crew - Makassar-UripSumoharjo,82325342,https://id.jobstreet.com/id/job/82325342,1
Imecon Teknindo,Kurir Motor,82330221,https://id.jobstreet.com/id/job/82330221,1
,Tenaga Pembersih Vacuum Mobil,82330851,https://id.jobstreet.com/id/job/82330851,1
,LEADER GOLQI CHICKEN BULUKUMBA,82331204,https://id.jobstreet.com/id/job/82331204,1
Champ Resto Indonesia,Pastry,82323905,https://id.jobstreet.com/id/job/82323905,1
,Sales Executive,82323637,https://id.jobstreet.com/id/job/82323637,1
Rabbani Asysa,Sales Crew - Makassar-Sam Ratulangi,82326662,https://id.jobstreet.com/id/job/82326662,1
Tri Orion,Sales Lapangan,82310482,https://id.jobstreet.com/id/job/82310482,1
DutaGM,Direct Sales,82356177,https://id.jobstreet.com/id/job/82356177,1
Asaba,Sales Executive,82329177,https://id.jobstreet.com/id/job/82329177,1
,Sales Executive Citroen Makassar,81984518,https://id.jobstreet.com/id/job/81984518,1
Asaba,Sales Executive,81748339,https://id.jobstreet.com/id/job/81748339,1
Maha Sentral Sejati,SPV DIRECT SALES MERCHANT (EDC & QRIS),82324457,https://id.jobstreet.com/id/job/82324457,1
Indium Dynamics Solutions,Sales Marketing Perbankan,82310424,https://id.jobstreet.com/id/job/82310424,1
Wismilak,Taskforce / Sales Rokok (Pinrang),82330768,https://id.jobstreet.com/id/job/82330768,1
,Marketing Strategis,82325396,https://id.jobstreet.com/id/job/82325396,1
Timexs Indonesia,Direct Sales,82357092,https://id.jobstreet.com/id/job/82357092,1
Kresna Reksa Finance,Marketing Coordinator,82324332,https://id.jobstreet.com/id/job/82324332,1
Kresna Reksa Finance,Branch Marketing Manager,82331146,https://id.jobstreet.com/id/job/82331146,1
,SALES REPSENTATIVE,82330707,https://id.jobstreet.com/id/job/82330707,1
,Sales Marketing,82356375,https://id.jobstreet.com/id/job/82356375,1
CSM Corporatama,Mekanik (Makassar),82322436,https://id.jobstreet.com/id/job/82322436,1
,Driver Truk,82329849,https://id.jobstreet.com/id/job/82329849,1
Tri Orion,SDS (Sales Outlet),82311082,https://id.jobstreet.com/id/job/82311082,1
Rabbani Asysa,Sales Crew - Bone,82328777,https://id.jobstreet.com/id/job/82328777,1
,Arsitek,82332259,https://id.jobstreet.com/id/job/82332259,1
,Sales Head,81827793,https://id.jobstreet.com/id/job/81827793,1
,Rider & Driver SPX AREA SULAWESI SELATAN,82329015,https://id.jobstreet.com/id/job/82329015,1
Kresna Reksa Finance,Marketing Officer,82326828,https://id.jobstreet.com/id/job/82326828,1
,Designer,82331674,https://id.jobstreet.com/id/job/82331674,1
,HOST LIVE & CONTEN CREATOR,82326102,https://id.jobstreet.com/id/job/82326102,1
,Sales Executive,82129481,https://id.jobstreet.com/id/job/82129481,1
,Sales Executive,81747811,https://id.jobstreet.com/id/job/81747811,1
,Kurir Motor,81923708,https://id.jobstreet.com/id/job/81923708,1
Mitra Utama Solusi Telematika,Security,82324874,https://id.jobstreet.com/id/job/82324874,1
,SPG & SPB MAKASSAR,82324991,https://id.jobstreet.com/id/job/82324991,1
PT Indotech Scientific,Sales Makassar,80444172,https://id.jobstreet.com/id/job/80444172,1
Edulab Indonesia,Fulltime Pengajar Matematika (Edulab Gowa),82324829,https://id.jobstreet.com/id/job/82324829,1
,SALES REPSENTATIVE,82201558,https://id.jobstreet.com/id/job/82201558,1
,Sales Executive,82325477,https://id.jobstreet.com/id/job/82325477,1
,Apoteker,82326603,https://id.jobstreet.com/id/job/82326603,1
,SALES GENERALIST,81859444,https://id.jobstreet.com/id/job/81859444,1
,Sales Executive,82325211,https://id.jobstreet.com/id/job/82325211,1
Imecon Teknindo,Account Marketing,82329480,https://id.jobstreet.com/id/job/82329480,1
CSM Corporatama,Sales Executive,82330241,https://id.jobstreet.com/id/job/82330241,1
Colorlink,Sales Digital Printing,82323466,https://id.jobstreet.com/id/job/82323466,1
Kharisma Potensia Indonesia,"Smartfren Gadget Specialist Makasar, Sulawesi Selatan (Terdapat Insentif,BPJS",82356131,https://id.jobstreet.com/id/job/82356131,1
Saipay Digital Technology,Direct Sales Makassar,82326389,https://id.jobstreet.com/id/job/82326389,1
,SALES,82332384,https://id.jobstreet.com/id/job/82332384,1
,SALES GENERALIST,82325076,https://id.jobstreet.com/id/job/82325076,1
,SPG Paylater Instore,82324124,https://id.jobstreet.com/id/job/82324124,1
,Sales Motoris Produk Snack,82332073,https://id.jobstreet.com/id/job/82332073,1
,Asisten Apoteker,82322806,https://id.jobstreet.com/id/job/82322806,1
,Cook,82325686,https://id.jobstreet.com/id/job/82325686,1
,Cook,82329815,https://id.jobstreet.com/id/job/82329815,1
,Videographer,81748246,https://id.jobstreet.com/id/job/81748246,1
PCS Pte. Ltd.,Sales akuisisi EDC & QRIS,81998465,https://id.jobstreet.com/id/job/81998465,1
Catur Putraharmonis,Mekanik,81891957,https://id.jobstreet.com/id/job/81891957,1
,Web Programmer,82093359,https://id.jobstreet.com/id/job/82093359,1
Majoo Teknologi Indonesia,Sales Account Executive (Makassar),81924281,https://id.jobstreet.com/id/job/81924281,1
,B2B Sales,81892605,https://id.jobstreet.com/id/job/81892605,1
Kurniawan Group,Data Analyst,82352891,https://id.jobstreet.com/id/job/82352891,1
,MARKETING EXECUTIVE,81755959,https://id.jobstreet.com/id/job/81755959,1
Richeese Kuliner Indonesia,Site Surveyor Makassar Area,82186053,https://id.jobstreet.com/id/job/82186053,1
,Dokter Gigi,82326155,https://id.jobstreet.com/id/job/82326155,1
,Dokter Umum,82326175,https://id.jobstreet.com/id/job/82326175,1
,Sales Executive,82326276,https://id.jobstreet.com/id/job/82326276,1
Duta Abadi Primantara,Sales Promotion Girl (SPG),82356023,https://id.jobstreet.com/id/job/82356023,1
Cititex,Sales Store,82331052,https://id.jobstreet.com/id/job/82331052,1
,Terapist,82322147,https://id.jobstreet.com/id/job/82322147,1
,SALES,81897932,https://id.jobstreet.com/id/job/81897932,1
,Sales Executive,82328031,https://id.jobstreet.com/id/job/82328031,1
Hasel Milek Jaya,Admin Timbangan,81939792,https://id.jobstreet.com/id/job/81939792,1
Richeese Kuliner Indonesia,FLOOR MANAGER MAKASSAR,82192768,https://id.jobstreet.com/id/job/82192768,1
PT Syaharani,ADMIN PENJUALAN,81737748,https://id.jobstreet.com/id/job/81737748,1
,Admin - Paid Internship,82247287,https://id.jobstreet.com/id/job/82247287,1
,KARYAWAN BUTIK,81783309,https://id.jobstreet.com/id/job/81783309,1
Masmedia Buana Pustaka,Staff Internal Audit,82195070,https://id.jobstreet.com/id/job/82195070,1
Global Indonesia Asia Sejahtera,Sales Percetakan ( GAS Makassar ),81895938,https://id.jobstreet.com/id/job/81895938,1
Catur Putraharmonis,Admin Finanance Accounting,81801516,https://id.jobstreet.com/id/job/81801516,1
Prima Packaging Solutions,Sales Executive,81718948,https://id.jobstreet.com/id/job/81718948,1
,Penanggung Jawab Teknis Marketing & Distribusi,81782360,https://id.jobstreet.com/id/job/81782360,1
Surya Pratista Hutama,Admin Keuangan | Kasir (Makassar),81867248,https://id.jobstreet.com/id/job/81867248,1
Hasel Milek Jaya,Wakil Koordinator Kantor,81939602,https://id.jobstreet.com/id/job/81939602,1
Yayasan Mice,Perawat,81735346,https://id.jobstreet.com/id/job/81735346,1
PT KDB Tifa Finance Tbk,Account Manager (Financing / Leasing Company),81830121,https://id.jobstreet.com/id/job/81830121,1
Mitsui Sumitomo Insurance Group,Bancassurance Consultant Sulawesi (Makassar),82353257,https://id.jobstreet.com/id/job/82353257,1
New Hope Indonesia,FINANCE AND ACCOUNTING STAFF,82056281,https://id.jobstreet.com/id/job/82056281,1
,Sales Area Makassar,81669877,https://id.jobstreet.com/id/job/81669877,1
Savoria Group,Technical Area Sales Supervisor - Food Service,82354091,https://id.jobstreet.com/id/job/82354091,1
PT Tigalapan Sukses Indonesia,Production Planing & Inventory Control (PPIC),81731826,https://id.jobstreet.com/id/job/81731826,1
Sinar Galesong Pratama,Staff Property,82225045,https://id.jobstreet.com/id/job/82225045,1
Comextra Majora,Nasional Sales  Manager,81860464,https://id.jobstreet.com/id/job/81860464,1
Accentuates,HR Officer Area Makassar,82058150,https://id.jobstreet.com/id/job/82058150,1
Erajaya Group,Floor Manager - Makassar (JD Sports),82264670,https://id.jobstreet.com/id/job/82264670,1
Jiva Agriculture,Warehouse Officer - South Sulawesi,79181731,https://id.jobstreet.com/id/job/79181731,1
PT Sumber Kosmetika Indah,Sales Supervisor Area (Makassar),82293685,https://id.jobstreet.com/id/job/82293685,1
Kalbe Pharma,Medical Representative - Makassar,82351646,https://id.jobstreet.com/id/job/82351646,1
Matahari Graha Fantasi,Area Manager (Operation) - Sulawesi,81985788,https://id.jobstreet.com/id/job/81985788,1
Sinarmas Distribusi Nusantara,Inventory Control,81907553,https://id.jobstreet.com/id/job/81907553,1
Muat Cargo & Logistic,Sales Executive (Canvassing),82088606,https://id.jobstreet.com/id/job/82088606,1
PT Tigalapan Sukses Indonesia,Procurement Staff,81731302,https://id.jobstreet.com/id/job/81731302,1
,Accounting & Finance Head,81840160,https://id.jobstreet.com/id/job/81840160,1
,Warehouse Admin,81841128,https://id.jobstreet.com/id/job/81841128,1
PT Suracojaya Abadimotor,Mobile Development (Android & IOS),81873584,https://id.jobstreet.com/id/job/81873584,1
Rahayu Arumdhani International,Staff Cafe Haagen-Dazs Daerah Makassar,82352207,https://id.jobstreet.com/id/job/82352207,1
PT UKR,Accounting Quality Control,82338463,https://id.jobstreet.com/id/job/82338463,1
